First Name,Last Name,email,User name,Location,Phone Num,Job Title For User,Employee Number,Company
Blanche,O'Collopy,bocollopy0@livejournal.com,bocollopy0,Hinapalanan,63-(199)661-2186,Clinical Specialist,7080919053,Morar-Ward
Jessie,Primo,jprimo1@newsvine.com,jprimo1,Korenovsk,7-(885)578-0266,Paralegal,6284292031,Jast-Stiedemann
Nelia,Coughtrey,ncoughtrey2@geocities.com,ncoughtrey2,Zhexiao,86-(366)635-5884,Nurse Practicioner,7242692202,Goldner-Cremin
Pascale,Wimpeney,pwimpeney3@mtv.com,pwimpeney3,Kuče,385-(688)644-8322,Senior Sales Associate,9173736066,"Paucek, Schmitt and Hagenes"
Alec,Twidle,atwidle4@ovh.net,atwidle4,Shi’ao,86-(163)912-1915,Human Resources Manager,4692183691,Schimmel and Sons
Karalee,Carroll,kcarroll5@devhub.com,kcarroll5,Huaidian,86-(303)287-0739,Civil Engineer,1530903416,Schuster LLC
Danny,Yeiles,dyeiles6@wikipedia.org,dyeiles6,Koundara,224-(953)650-5363,Software Engineer II,7026212001,"Ebert, Windler and Hessel"
Taffy,Benson,tbenson7@mit.edu,tbenson7,Nanying,86-(152)931-1194,Dental Hygienist,4576525239,Jerde Inc
Hall,Tonepohl,htonepohl8@bandcamp.com,htonepohl8,Primorsko-Akhtarsk,7-(743)929-2565,Computer Systems Analyst III,6187297644,Kohler and Sons
Gus,Tomczykowski,gtomczykowski9@hostgator.com,gtomczykowski9,Arrah,225-(926)325-4040,Executive Secretary,9237527535,"Luettgen, Kshlerin and Carroll"
Casandra,Retchford,cretchforda@gizmodo.com,cretchforda,Lasi Dua,62-(813)604-3660,Teacher,68486472,Rempel Inc
Judie,Fowler,jfowlerb@virginia.edu,jfowlerb,Ōgaki,81-(521)313-4757,Occupational Therapist,1692241737,Bins Inc
Willy,Walters,wwaltersc@cloudflare.com,wwaltersc,Mungkin,62-(114)187-7377,Electrical Engineer,1185027149,Toy-Hyatt
Trace,Tingly,ttinglyd@issuu.com,ttinglyd,Esigodini,263-(795)699-2623,Office Assistant II,9588821797,Satterfield LLC
Rustin,Withrington,rwithringtone@purevolume.com,rwithringtone,Xinjie,86-(703)213-0549,Marketing Manager,8707099886,O'Conner-Hoeger
Loria,McKendry,lmckendryf@imgur.com,lmckendryf,Eiriz,351-(660)417-9204,Administrative Assistant II,2622958684,Oberbrunner and Sons
Blancha,Carlesso,bcarlessog@bravesites.com,bcarlessog,Helsingborg,46-(218)729-2556,Account Representative I,1864046597,Stroman-Marks
Whitney,Olman,wolmanh@slashdot.org,wolmanh,Lisia Góra,48-(907)614-5768,Speech Pathologist,7143970867,Keebler-Wintheiser
Bond,McBain,bmcbaini@hc360.com,bmcbaini,Lesnoye,7-(515)172-7238,Social Worker,6816673581,Cassin LLC
Raeann,Kubach,rkubachj@a8.net,rkubachj,Saray,994-(690)524-2937,Electrical Engineer,1829082000,"Kiehn, Dicki and O'Reilly"
Feodor,Kersey,fkerseyk@hibu.com,fkerseyk,Salam,62-(530)992-3129,Financial Advisor,27333248,Kassulke-Wuckert
Boyd,Delamere,bdelamerel@europa.eu,bdelamerel,Starigrad,385-(464)217-6673,Quality Control Specialist,7362162391,Marquardt Group
Terrijo,Spaducci,tspaduccim@yale.edu,tspaduccim,Pereiras,351-(169)619-5395,Health Coach II,9383160780,"Reynolds, Bins and Wunsch"
Brandtr,Rollings,brollingsn@java.com,brollingsn,Palencia,502-(601)904-4191,Assistant Professor,9604788698,Farrell LLC